[{"service_id":"A1","monday":1,"tuesday":1,"wednesday":1,"thursday":1,"friday":1,"saturday":0,"sunday":0,"start_date":"2023-05-31","end_date":"2023-10-15"},{"service_id":"A2","monday":0,"tuesday":0,"wednesday":0,"thursday":0,"friday":0,"saturday":1,"sunday":0,"start_date":"2023-05-31","end_date":"2023-10-15"},{"service_id":"A3","monday":0,"tuesday":0,"wednesday":0,"thursday":0,"friday":0,"saturday":1,"sunday":1,"start_date":"2023-05-31","end_date":"2023-10-15"},{"service_id":"A4","monday":0,"tuesday":0,"wednesday":0,"thursday":0,"friday":0,"saturday":0,"sunday":1,"start_date":"2023-05-31","end_date":"2023-10-15"},{"service_id":"B1","monday":1,"tuesday":1,"wednesday":1,"thursday":1,"friday":1,"saturday":0,"sunday":0,"start_date":"2023-10-16","end_date":"2023-10-22"},{"service_id":"B2","monday":0,"tuesday":0,"wednesday":0,"thursday":0,"friday":0,"saturday":1,"sunday":0,"start_date":"2023-10-16","end_date":"2023-10-22"},{"service_id":"B3","monday":0,"tuesday":0,"wednesday":0,"thursday":0,"friday":0,"saturday":1,"sunday":1,"start_date":"2023-10-16","end_date":"2023-10-22"},{"service_id":"B4","monday":0,"tuesday":0,"wednesday":0,"thursday":0,"friday":0,"saturday":0,"sunday":1,"start_date":"2023-10-16","end_date":"2023-10-22"},{"service_id":"C1","monday":1,"tuesday":1,"wednesday":1,"thursday":1,"friday":1,"saturday":0,"sunday":0,"start_date":"2023-10-23","end_date":"2023-10-29"},{"service_id":"C2","monday":0,"tuesday":0,"wednesday":0,"thursday":0,"friday":0,"saturday":1,"sunday":0,"start_date":"2023-10-23","end_date":"2023-10-29"},{"service_id":"C3","monday":0,"tuesday":0,"wednesday":0,"thursday":0,"friday":0,"saturday":1,"sunday":1,"start_date":"2023-10-23","end_date":"2023-10-29"},{"service_id":"C4","monday":0,"tuesday":0,"wednesday":0,"thursday":0,"friday":0,"saturday":0,"sunday":1,"start_date":"2023-10-23","end_date":"2023-10-29"},{"service_id":"A1A","monday":1,"tuesday":1,"wednesday":1,"thursday":1,"friday":1,"saturday":0,"sunday":0,"start_date":"2023-10-30","end_date":"2023-12-31"},{"service_id":"A2A","monday":0,"tuesday":0,"wednesday":0,"thursday":0,"friday":0,"saturday":1,"sunday":0,"start_date":"2023-10-30","end_date":"2023-12-31"},{"service_id":"A3A","monday":0,"tuesday":0,"wednesday":0,"thursday":0,"friday":0,"saturday":1,"sunday":1,"start_date":"2023-10-30","end_date":"2023-12-31"},{"service_id":"A4A","monday":0,"tuesday":0,"wednesday":0,"thursday":0,"friday":0,"saturday":0,"sunday":1,"start_date":"2023-10-30","end_date":"2023-12-31"}]